key,parent_category,label,description
amend,Amendment,Constitution amendment,"Mechanisms to change the text of the constitution, including constitutional amendment, reform, or replacement"
unamend,Amendment,Unamendable,Parts of the constitutions that are so fundamental that they are unamendable
indcit,"Culture and Identity/Citizenship; Culture and Identity/Indigenous Groups; Rights and Duties/Equality, Gender, and Minority Rights",Indigenous citizenship,Grants indigenous peoples the status of being citizens in the political community
citrev,Culture and Identity/Citizenship,Citizenship revocation,"Allows or prohibits revocation of citizenship, whereby a person is stripped of his or her citizenship"
equalgr2,"Culture and Identity/Citizenship; Rights and Duties/Equality, Gender, and Minority Rights",Equality regardless of nationality,Equality regardless of a person's nationality or status as a national or subject of a particular country
equalgr3,"Culture and Identity/Citizenship; Rights and Duties/Equality, Gender, and Minority Rights",Equality regardless of origin,"Equality regardless of a person's country of origin, birthplace, native home, motherland, fatherland, or ethnicity; protection from discrimination based on country of origin"
citdep,Culture and Identity/Citizenship,Citizen deportation,Allows or prohibits deportation of citizens or residents
citizen,Culture and Identity/Citizenship,Birthright citizenship,"Grants automatic citizenship at birth; may relate to the citizenship or residency of one or both parents, or to the location of an individual's birth"
natcit,Culture and Identity/Citizenship,Naturalization,"Grants citizenship to a foreigner through naturalization, whereby a person acquires a citizenship he or she did not have at birth"
resenex,Culture and Identity/Citizenship,Entry or exit restrictions,"Restrictions on entry into or exit out of the state, particularly with regard to the movements of foreign nationals"
citren,Culture and Identity/Citizenship; Rights and Duties/Civil and Political Rights,Citizenship renunciation,Allows individuals to renounce their citizenship
indpolgr4,"Culture and Identity/Indigenous Groups; Rights and Duties/Equality, Gender, and Minority Rights",Indigenous not pay taxes,Grants indigenous peoples an exemption from taxation or required financial charges levied on residents
indpolgr5,"Culture and Identity/Indigenous Groups; Rights and Duties/Equality, Gender, and Minority Rights",Indigenous illegal activities,Grants indigenous peoples an exemption from laws that apply to the non-indigenous population
indpolgr3,"Culture and Identity/Indigenous Groups; Elections/Political Parties; Rights and Duties/Equality, Gender, and Minority Rights",Indigenous political parties,Allows indigenous peoples to form political parties on the basis of group identity in order to acquire and exercise political power
indpolgr2,"Culture and Identity/Indigenous Groups; Rights and Duties/Equality, Gender, and Minority Rights",Indigenous representation,"Guarantees representation to indigenous peoples, for example, through reserved seats or quotas in the legislature"
indpolgr6,"Culture and Identity/Indigenous Groups; Rights and Duties/Equality, Gender, and Minority Rights",Indigenous self governance,"Grants indigenous peoples autonomy to govern themselves, particularly with regard to issues that affect their territory"
indpolgr1,"Culture and Identity/Indigenous Groups; Elections/Suffrage and Turnout; Rights and Duties/Equality, Gender, and Minority Rights",Indigenous vote,"Grants indigenous peoples the ability to vote in national elections or referenda, indicating their choice of candidate or course of action"
equalgr5,"Culture and Identity/Language; Rights and Duties/Equality, Gender, and Minority Rights",Equality regardless of language,Equality regardless of a person's language or the shared system of words used to communicate
lang,Culture and Identity/Language,Official languages,"Establishes official languages or national languages that are given special status, including endoglossic and exoglossic languages "
langprot,Culture and Identity/Language,Language protection,"Allows individuals to use their native language, requires protection of different languages, or requires neutrality toward languages"
trilang,Culture and Identity/Language; Rights and Duties/Legal Procedural Rights,Trial in native language of accused,"Allows individuals charged with an offense to be informed of the reason for their arrest in a language they understand, to have their trial conducted in a language they understand, or to have an interpreter during detention or trial if they cannot understand the language"
equalgr4,"Culture and Identity/Race and Ethnicity; Rights and Duties/Equality, Gender, and Minority Rights",Equality regardless of race,Equality regardless of a person's race or group defined by shared history or social identity
equalgr14,"Culture and Identity/Race and Ethnicity; Rights and Duties/Equality, Gender, and Minority Rights",Equality regardless of tribe or clan,"Equality regardless of a person's tribe, clan, or political or social group descending from a common ancestor; protection from discrimination based on tribe or clan"
ethincl,Culture and Identity/Race and Ethnicity,Ethnic community integration,"Allows integration and partlcipation of minority ethnic communities; protects minority ethnic communities against forced assimilation; supports multinationalism, plurinationalism, or recognition of indigenous peoples"
opgroup,Culture and Identity/Race and Ethnicity,Wealth redistribution,"Guarantees additional resources, funds, services, access, or opportunities to specific groups based on gender, ethnicity, disability, or any other group identity; seeks to increase economic opportunities, reduce inequalities, and use redistribution to create substantive equality"
equalgr11,"Culture and Identity/Religion; Rights and Duties/Equality, Gender, and Minority Rights",Equality regardless of creed or belief,"Equality regardless of a person's creed, ideology, doctrine, belief, viewpoint, or opinion; protection from discrimination based on creed or belief"
equalgr6,"Culture and Identity/Religion; Rights and Duties/Equality, Gender, and Minority Rights",Equality regardless of religion,"Equality regardless of a person's religion, religious faith, religious practice, or worship; protection from religious discrimination"
judcrts8,Culture and Identity/Religion; Judiciary/Structure of the Judiciary,Religious courts,"Establishes religious courts that adjudicate matters arising in religious law, including ecclessiastical courts, Sharia courts, rabbinical courts, and Hindu courts; access may be limited on a confessional basis"
freerel,Culture and Identity/Religion; Rights and Duties/Civil and Political Rights,Freedom of religion,"Allows individuals to hold religious beliefs, freely worship and practice those religious beliefs, change one's religion, or have no religion at all"
god,Culture and Identity/Religion,God or other deities,"Invocation of God, dieties, or the divine"
offrel,Culture and Identity/Religion,Official religion,"Creates or prohibits an official religion, national religion, or state religion; creates or prohibits special treatment for certain religions"
seprel,Culture and Identity/Religion,Separation of church and state,"Guarantees a secular state, guarantees a separation between the state and religious organizations, or forbids the state from extending recognition or assistance to religious organizations"
rellaw,Culture and Identity/Religion,Religious law,"Establishes the status of religious law; establishes religious law as separate or integrated with secular law, as the default law where secular law is silent, as superior to secular law, as a source or inspiration for secular law, or as the supreme source of law; establishes a repugnancy clause preventing conflict with religious law"
reltax,Culture and Identity/Religion,Tax status of religious organizations,Grants religious organizations an exemption from regular taxation
ecom,Elections/Electoral Oversight; Regulation and Oversight/Elections; Regulation and Oversight/Independent Agencies and Commissions,Electoral commission,Establishes an independent commission to facilitate and regulate elections
ecpow,Elections/Electoral Oversight; Judiciary/Electoral Courts; Regulation and Oversight/Elections,Electoral court powers,"Grants powers to the electoral court to hear challenges of election results and to certify various aspects of elections, including voter rolls and final election results"
ecrdet,Elections/Electoral Oversight; Judiciary/Electoral Courts; Regulation and Oversight/Elections,Electoral court removal,Establishes the grounds and competent bodies to remove an electoral court judge
ecsel,Elections/Electoral Oversight; Judiciary/Electoral Courts; Regulation and Oversight/Elections,Electoral court selection,Establishes the process and bodies competent to nominate and approve an electoral court judge
ecterm,Elections/Electoral Oversight; Judiciary/Electoral Courts; Regulation and Oversight/Elections,Electoral court term length,Number of years that an electoral court judge serves in a term
ecterml,Elections/Electoral Oversight; Judiciary/Electoral Courts; Regulation and Oversight/Elections,Electoral court term limits,Maximum number of terms that an electoral court judge serves
ecres,Elections/Electoral Oversight; Judiciary/Electoral Courts; Regulation and Oversight/Elections,Electoral court eligibility,Qualifications that an individual must meet in order to serve as an electoral court judge
ecage,Elections/Electoral Oversight; Judiciary/Electoral Courts; Regulation and Oversight/Elections,Electoral court age,Minimum age that an individual must have attained before assuming the office of electoral court judge
camppubf,Elections/Electoral Rules and Regulations,Campaign financing,Rules that political parties and candidates must follow in financing electoral campaigns
census,Elections/Electoral Rules and Regulations,Census,Provides for the enumeration of residents periodically
district,Elections/Electoral Rules and Regulations,Electoral districts,Characteristics of electoral districts or rules for establishing electoral districts
electsch,Elections/Electoral Rules and Regulations,Election schedule,"Schedule for holding elections, described in terms of a particular day, an interval between elections, or in relation to the dismissal of the legislature or executive"
freeelec,Elections/Electoral Rules and Regulations,Citizen secret ballot,Requires electoral ballots to be secret such that the voter completes the ballot privately and the ballot cannot be connected to the voter
prtyduty,Elections/Political Parties; Rights and Duties/Citizen Duties,Required political parties,Requires membership in a political party or in the sole political party of the state
equalgr15,"Elections/Political Parties; Rights and Duties/Equality, Gender, and Minority Rights",Equality regardless of political party,"Equality regardless of a person's political opinions, political party membership, or affiliation with a group organized to acquire and exercise political power; protection from discrimination based on political party"
partprf,Elections/Political Parties,Preferred political parties,Grants special status to a particular political party or type of political party
partprh,Elections/Political Parties,Prohibited political parties,Prohibits certain political parties or parties with particular ideologies or characteristics
partunco,Elections/Political Parties; Regulation and Oversight/Elections,Political party regulation,Describes which branch or body has the power to regulate political parties and determine the unconstitutionality of certain parties
partreg,Elections/Political Parties,Political party restrictions,Establishes the rules of acceptable political party activity and organizational structure
partrght,Elections/Political Parties,Political party formation,Allows individuals to form or join a political party or political organization
initiat,Elections/Referenda and Initiatives,Legislative initiatives,Allows individuals to propose new legislative initiatives
referen,Elections/Referenda and Initiatives,Referenda,"Allows individuals to vote for or against a specific piece of proposed legislation in a referendum, plebiscite, or other public vote"
voteun,Elections/Suffrage and Turnout; Rights and Duties/Civil and Political Rights,Universal suffrage,Allows all individuals to vote
compvote,Elections/Suffrage and Turnout,Compulsory voting,Makes voting mandatory for at least some electors in some elections
voteres,Elections/Suffrage and Turnout,Voting restrictions,"Qualifications or restrictions on voting, for example on the basis of residency, age, or registration"
cabdiss,Executive/Cabinet; Executive/Executive Independence and Power,Cabinet/minister removal,Establishes the grounds and competent bodies to dismiss cabinet members or ministers
cabsel,Executive/Cabinet,Cabinet/minister selection,Establishes the process and bodies competent to nominate and approve cabinet members or ministers
cabrest,Executive/Cabinet; Executive/Executive Independence and Power,Cabinet/minister eligibility,Qualifications that an individual must meet in order to serve as a cabinet member or minister
cabinet,Executive/Cabinet; Executive/Structure of the Executive,Cabinet/ministers,Establishes the cabinet or council of ministers as a body of officials who act as the heads of agencies or ministries and advise the head of state or head of government
cabpow,Executive/Cabinet; Executive/Executive Independence and Power,Cabinet/minister powers,"Powers of the cabinet, council of ministers, or ministers"
execindp,Executive/Executive Independence and Power,Executive independence,Guarantees the independence of the executive
comchief,Executive/Executive Independence and Power; Executive/Military,Commander in chief,Establishes the person who has ultimate control of the armed forces
hogdec,Executive/Executive Independence and Power; Executive/Head of Government,Head of government decree power,"Allows the head of government, prime minister, cabinet, or council of ministers to enact rules without following the usual channels for the passage of legislation"
hogimm,Executive/Executive Independence and Power; Executive/Head of Government,Head of government immunity,Provides the head of government or prime minister with immunity from prosecution
hogpow,Executive/Executive Independence and Power; Executive/Head of Government,Head of government powers,"Grants specific, enumerated powers to the head of government or prime minister"
hogdiss,Executive/Executive Independence and Power; Executive/Head of Government,Head of government removal,Establishes the grounds and competent bodies to dismiss the head of government or prime minister
hosdec,Executive/Executive Independence and Power; Executive/Head of State,Head of state decree power,"Allows the head of state, president, or monarch to enact rules without following the usual channels for the passage of legislation"
hospow,Executive/Executive Independence and Power; Executive/Head of State,Head of state powers,"Grants specific, enumerated powers to the head of state, president, or monarch"
hosdiss,Executive/Executive Independence and Power; Executive/Head of State,Head of state removal,"Establishes the grounds and competent bodies to dismiss the head of state, president, or monarch"
invexe,Executive/Executive Independence and Power; Legislature/Legislative Rules and Restrictions,Legislative oversight of the executive,Allows the legislature to oversee the executive to provide a check on the misuse or abuse of executive power and to ensure that executive agencies are enforcing the laws according to the intent of the legislature
hogdlim,Executive/Executive Independence and Power; Executive/Head of Government,Head of government removal limits,Protects the head of government or prime minister from removal after a failed attempt to remove the head of government
pardon,Executive/Executive Independence and Power,Pardon power,Grants an executive body power to overrule a criminal conviction
hogrest,Executive/Head of Government,Head of government eligibility,Qualifications that an individual must meet in order to serve as the head of government or prime minister
hogsucc,Executive/Head of Government,Head of government replacement,Establishes the process and bodies competent to replace the head of government or prime minister before the normally scheduled replacement process
hogelect,Executive/Head of Government,Head of government selection,Establishes the process and bodies competent to nominate and approve the head of government or prime minister
hogterm,Executive/Head of Government,Head of government term length,Number of years that a head of government or prime minister serves in a term
hogterml,Executive/Head of Government,Head of government term limits,Maximum number of terms that a head of government or prime minister serves
hoglegr,Executive/Head of Government,Head of government legislative role,Requires or prohibits the head of government or prime minister to serve as a member of the legislature
hogage,Executive/Head of Government,Head of government age,Minimum age that an individual must have attained before assuming the office of head of government or prime minister
hosstaff,Executive/Head of State,Head of state advisory bodies,"Establishes advisory bodies to advise the head of state, president, or monarch"
hosrest,Executive/Head of State,Head of state eligibility,"Qualifications that an individual must meet in order to serve as the head of state, president, or monarch"
hosimm,Executive/Head of State,Head of state immunity,"Provides the head of state, president, or monarch with immunity from prosecution"
hossucc,Executive/Head of State,Head of state replacement,"Establishes the process and bodies competent to replace the head of state, president, or monarch before the normally scheduled replacement process; head of state succession process"
hoselect,Executive/Head of State,Head of state selection,"Establishes the process and bodies competent to nominate and approve the head of state, president, or monarch; may include direct election, appointment, or heredity"
hosterm,Executive/Head of State,Head of state term length,"Number of years that a head of state, president, or monarch serves in a term"
hosterml,Executive/Head of State,Head of state term limits,"Maximum number of terms that a head of state, president, or monarch serves"
hosage,Executive/Head of State,Head of state age,"Minimum age that an individual must have attained before assuming the office of head of state, president, or monarch"
milserv,Executive/Military; Rights and Duties/Citizen Duties,Military service,Requires individuals to serve in the military for a specified period of time
em,Executive/Military,Emergencies,"Allows calling a state of emergency, siege, or martial law"
judcrts4,Executive/Military; Judiciary/Structure of the Judiciary,Military courts,Establishes military courts that enforce military law and adjudicate charges against members of the military
war,Executive/Military; International Law/Foreign Policy,War,Allows establishing a declaration of war
civilmil,Executive/Military,Defense minister eligibility,"Qualifications that an individual must meet in order to serve as the defense minister, particularly being a civilian or a member of the military; specification that there be civilian control of the military"
milrest,Executive/Military,Military restrictions,Limitations on use of the military or actions of members of the military
milcom,Executive/Military,Military commander selection,Establishes the process and bodies competent to nominate and approve active-duty commanders in the military
terror,Executive/Military,Terrorism,Legal and security procedures regarding terrorism
atgen,Executive/Structure of the Executive,Attorney general,"Establishes an attorney general, public prosecutor, or prosecutor general to serve as the principal legal official, represent the government in legal proceedings, and give legal advice to the government"
depexec,Executive/Structure of the Executive,Deputy executive,"Establishes a deputy head of state, deputy vice president, deputy head of government, or deputy prime minister"
execnum,Executive/Structure of the Executive,Executive structure,Establishes the structure of the executive as a single office or dual executive
fedrev,Federalism/Lawmaking Power,Federal review of subnational legislation,Federal review of the legislation of the subnational units in a federation
fedsep,Federalism/Lawmaking Power,National vs subnational laws,Establishes which level of government has supremacy in cases where federal and subnational laws conflict
access,Federalism/Secession and Accession,Territory accession,Allows adoption or incorporation of new territory
seccess,Federalism/Secession and Accession,Territory secession,Allows withdrawal or independence of groups or territory
mun,Federalism/Structure of the State,Municipal government,"Establishes the structures and competencies of municipal, local, county, or district government"
sub,Federalism/Structure of the State,Subsidiary unit government,"Establishes the structures and competencies of provincial, regional, or state government"
custlaw,International Law/Explicit References to Int. Law,Customary international law,"Reference to customary international law, the law of nations, or the generally accepted principles of international law"
intrght,International Law/Explicit References to Int. Law; International Law/Treaties,International human rights treaties,Reference to one or more specific international treaties or instruments concerning human rights
intlaw,International Law/Explicit References to Int. Law,International law,"Reference to international law, including treaties, agreements, norms, or other commitments"
intorgs,International Law/Explicit References to Int. Law,International organizations,"Reference to international organizations, whether generally or with regard to specific international organizations such as the United Nations"
headforn,International Law/Foreign Policy,Foreign affairs representative,Representative for foreign affairs authoritized to speak abroad
treatcon,International Law/Treaties,Treaty legal status,Establishes whether treaties are superior or inferior to domestic legal documents
treat,International Law/Treaties,Treaty ratification,Procedures to gain approval for accession to a treaty
adsel,Judiciary/Administrative Courts,Administrative court selection,Establishes the process and bodies competent to nominate and approve an administrative court judge
adterm,Judiciary/Administrative Courts,Administrative court term length,Number of years that an administrative court judge serves in a term
adtermn,Judiciary/Administrative Courts,Administrative court term limits,Maximum number of terms that an administrative court judge serves
adres,Judiciary/Administrative Courts,Administrative court eligibility,Qualifications that an individual must meet in order to serve as an administrative court judge
judcrts1,Judiciary/Administrative Courts; Judiciary/Structure of the Judiciary,Administrative courts,Establishes administreative courts that adjudicate disputes about administrative exercise of power
adage,Judiciary/Administrative Courts,Administrative court age,Minimum age that an individual must have attained before assuming the office of administrative court judge
illadmin,Judiciary/Administrative Courts; Judiciary/Judicial Review,Ultra-vires administrative actions,Protects individuals from illegal administrative actions or use of excess power by administrative agencies
concop,Judiciary/Constitutional Court,Constitutional court opinions,"Determines procedures for, or treatment of, judicial opinions handed down by the constitutional court"
conpow,Judiciary/Constitutional Court; Judiciary/Judicial Autonomy and Power,Constitutional court powers,Establishes the competencies of the constitutional court
conrem,Judiciary/Constitutional Court; Judiciary/Judicial Autonomy and Power,Constitutional court removal,Establishes the grounds and competent bodies to dismiss a constitutional court judge
consel,Judiciary/Constitutional Court,Constitutional court selection,Establishes the process and bodies competent to nominate and approve a constitutional court judge
conterm,Judiciary/Constitutional Court,Constitutional court term length,Number of years that a constitutional court judge serves in a term
conlim,Judiciary/Constitutional Court,Constitutional court term limits,Maximum number of terms that a constitutional court judge serves
conres,Judiciary/Constitutional Court,Constitutional court eligibility,Qualifications that an individual must meet in order to serve as a constitutional court judge
judcrts2,Judiciary/Constitutional Court; Judiciary/Structure of the Judiciary,Constitutional court,Establishes a constitutional court that interprets the constitution and rules on whether legislation aligns with the principles of the constitution
conage,Judiciary/Constitutional Court,Constitutional court age,Minimum age that an individual must have attained before assuming the office of constitutional court judge
interp,Judiciary/Judicial Autonomy and Power; Judiciary/Judicial Review,Constitutional interpretation,Establishes the bodies competent to interpret the constitution
uncon,Judiciary/Judicial Autonomy and Power; Judiciary/Judicial Review,Constitutionality of legislation,Procedures for examining whether the content of a piece of legislation is in accord with the constitution
judind,Judiciary/Judicial Autonomy and Power,Judicial independence,Guarantees that judges are autonomous and the judiciary is independent
judprec,Judiciary/Judicial Autonomy and Power,Judicial precedent,Requirees judges to consider or follow precedents set by rulings in higher courts
judretir,Judiciary/Judicial Autonomy and Power,Judicial retirement age,Maximum age at which judges must retire
judsal,Judiciary/Judicial Autonomy and Power,Judicial salary and budget,Prevents tampering with the salaries of judges or the budget of the judiciary
suppow,Judiciary/Judicial Autonomy and Power; Judiciary/Supreme Court,Supreme court powers,Establishes the competencies of the supreme court
jrem,Judiciary/Judicial Autonomy and Power,Supreme/ordinary court removal,Establishes the grounds and competent bodies to dismiss a supreme or ordinary court judge
amparo,Judiciary/Judicial Review; Rights and Duties/Enforcement; Rights and Duties/Legal Procedural Rights,Amparo,Allows individuals to request judicial review of actions they believe have violated or infringed their rights
ordres,Judiciary/Ordinary Courts,Ordinary court eligibility,Qualifications that an individual must meet in order to serve as an ordinary court judge
ordage,Judiciary/Ordinary Courts,Ordinary court age,Minimum age that an individual must have attained before assuming the office of ordinary court judge
ordsel,Judiciary/Ordinary Courts,Ordinary court selection,Establishes the process and competent bodies to nominate and approve an ordinary court judge
ordterm,Judiciary/Ordinary Courts,Ordinary court term length,Number of years that an ordinary court judge serves in a term
ordterml,Judiciary/Ordinary Courts,Ordinary court term limits,Maximum number of terms that an ordinary court judge serves
judcrts5,Judiciary/Structure of the Judiciary,Courts for judging public officials,Establishes courts that review the actions of public servants acting in their official capacity
judcrts3,Judiciary/Structure of the Judiciary; Rights and Duties/Enforcement,Amparo courts,Establishes courts of amparo that determine whether an individual's rights were infringed or violated
jc,Judiciary/Structure of the Judiciary; Regulation and Oversight/Independent Agencies and Commissions,Judicial council,"Establishes a body to monitor, review, select, promote, or remove judges "
judcrts7,Judiciary/Structure of the Judiciary,Labor courts,Establishes labor courts that adjudicate disputes between individuals and trade unions or businesses
judcrts6,Judiciary/Structure of the Judiciary,Tax courts,Establishes tax courts that adjudicate disputes between individuals or businesses and the state with regard to taxation
levjud,Judiciary/Structure of the Judiciary,Judiciary structure,Establishes the basic organization of the judicial branch
hocres,Judiciary/Supreme Court,Supreme court eligibility,Qualifications that an individual must meet in order to serve as a supreme court judge
hocage,Judiciary/Supreme Court,Supreme court age,Minimum age that an individual must have attained before assuming the office of supreme court judge
hocop,Judiciary/Supreme Court,Supreme court opinions,"Determines procedures for, or treatment of, judicial opinions handed down by the supreme court"
hocsel,Judiciary/Supreme Court,Supreme court selection,Establishes the process and competent bodies to nominate and approve a supreme court judge
hocterm,Judiciary/Supreme Court,Supreme court term length,Number of years that a supreme court judge serves in a term
hocterml,Judiciary/Supreme Court,Supreme court term limits,Maximum number of terms that a supreme court judge serves
lhrest,Legislature/First Chamber,First chamber eligibility,Qualifications that an individual must meet in order to serve a legislator or parliamentarian in the first chamber of the legislature
lhquota,Legislature/First Chamber,First chamber quota,Number of seats in the first chamber of the legislature that must be assigned to representatives of a particular group
lhspleg,Legislature/First Chamber,First chamber policy areas,Policy areas where the first chamber of the legislature has special privileges or restrictions
lhselect,Legislature/First Chamber,First chamber selection,"Establishes the process to select members of the first chamber of the legislature through proportional representation, ranked-choice voting, majoritian voting, or other selection mechanisms"
lhlead,Legislature/First Chamber,First chamber leader,Office that presides over the first chamber of the legislature
lhage,Legislature/First Chamber,First chamber age,Minimum age that an individual must have attained to be eligible to serve as a representative in the first chamber of the legislature
lhseats,Legislature/First Chamber,First chamber size,Total number of seats in the first chamber of the legislature
lhterm,Legislature/First Chamber,First chamber term length,Number of years that a legislator serves in a term in the first chamber of the legislature
lhtrmlim,Legislature/First Chamber,First chamber term limit,"Maximum number of terms that a legislator may serve in the first chamber of the legislature; limit on re-election to the the legislature, congress, or parliament "
legapp,Legislature/Legislation; Legislature/Legislative Independence and Power,Legislation approval,Identifies which body has the power to approve or reject legislation after it has been passed by the legislature
divhouse,Legislature/Legislation,Legislative division of labor,"Specifies the manner in which the work of the legislative process is divided between the two chambers of the legislature, including reserved policy areas, powers, or concurrent or sequential consideration of legislation"
legini,Legislature/Legislation,Legislation initiation,Specifies who has the power to propose new legislation
legsupr,Legislature/Legislation,Legislation supermajority,Requires a supermajority of a specified size to pass legislation
override,Legislature/Legislation; Legislature/Legislative Independence and Power,Veto override,Allows the legislature to take additional steps to pass legislation that has been vetoed by the actor responsible for approving or rejecting legislation
legdiss,Legislature/Legislative Independence and Power; Legislature/Removal and Replacement,Legislature dismissal,Establishes the grounds and competent bodies to dismiss the entire legislature
immunity,Legislature/Legislative Independence and Power; Legislature/Removal and Replacement,Legislator immunity,Provides members of the legislature with immunity from prosecution
remleg,Legislature/Legislative Independence and Power; Legislature/Removal and Replacement,Legislator removal,"Establishes the grounds and competent bodies to dismiss, remove, or revoke the mandate of a legislator or parliamentarian"
legrep,Legislature/Legislative Independence and Power; Legislature/Removal and Replacement,Legislator replacement,Establishes the grounds and competent bodies to replace a legislator before the normally scheduled replacement process
attend,Legislature/Legislative Rules and Restrictions,Legislator attendance,Requires legislators to attend legislative sessions or votes
income,Legislature/Legislative Rules and Restrictions,Legislator compensation,Specifies the actors involved in setting legislators' compensation
assets,Legislature/Legislative Rules and Restrictions,Legislator asset disclosure,Requires legislators to disclose their income or the value of their assets
exsess,Legislature/Legislative Rules and Restrictions,Extraordinary legislative session,Establishes who has the authority to call an extraordinary session of the legislature
legjoint,Legislature/Legislative Rules and Restrictions,Joint legislative session,Provides for the two chambers of a bicameral legislature to meet jointly as a body made up of both chambers or a special joint session
session,Legislature/Legislative Rules and Restrictions,Legislative session length,Number of days or months that the legislature meets within a year
profleg,Legislature/Legislative Rules and Restrictions,Legislator outside professions,Defines outside professions that are incompatible with serving as a legislator or bars legislators from engaging in some or all other occupations during their term in office
pubmeet,Legislature/Legislative Rules and Restrictions,Public legislative sessions,Requires the legislature to hold legislative meetings in public sessions or specifies when the legislature may hold legislative meetings in private sessions
pubmin,Legislature/Legislative Rules and Restrictions,Legislative deliberations,Requires that a written record of legislative debates or deliberations be published
quorum,Legislature/Legislative Rules and Restrictions,Legislative quorum,Requires a certain percentage of legislators to be present to hold an official legislative session
recvote,Legislature/Legislative Rules and Restrictions,Legislative vote transparency,"Establishes the level of transparency in legislative voting, including making legislative votes a matter of public record or secret "
uhrest,Legislature/Second Chamber,Second chamber eligibility,Qualifications that an individual must meet in order to serve as a legislator in the second chamber of the legislature
uhlead,Legislature/Second Chamber,Second chamber leader,Office that presides over the second chamber of the legislature
uhage,Legislature/Second Chamber,Second chamber age,Minimum age that an individual must have attained to be eligible to serve as a representative in the second chamber of the legislature
uhquota,Legislature/Second Chamber,Second chamber quota,Number of seats in the second chamber of the legislature that must be assigned to representatives of a particular group
uhspleg,Legislature/Second Chamber,Second chamber policy areas,Policy areas where the second chamber of the legislature has special privileges or restrictions
uhselect,Legislature/Second Chamber,Second chamber selection,"Establishes the process to select members of the second chamber of the legislature through proportional representation, ranked-choice voting, majoritian voting, or other selection mechanisms"
uhseats,Legislature/Second Chamber,Second chamber size,Total number of seats in the second chamber of the legislature
uhterm,Legislature/Second Chamber,Second chamber term length,Number of years that a legislator serves in a term in the second chamber of the legislature
uhtrmlim,Legislature/Second Chamber,Second chamber term limits,"Maximum number of terms that a legislator may serve in the second chamber of the legislature; limit on re-election to the the legislature, congress, or parliament "
balbudgt,Legislature/Special Legislation,Balanced budget,Requires that the government pass a budget in which incoming revenue meets or exceeds the value of the government's expenditures in a fiscal year
budget,Legislature/Special Legislation,Budget law,"Special legislative process for budget, which is legislation that lays out the revenues and expenditures for some period of time, usually in years"
econplan,Legislature/Special Legislation,Economic plans,Process for national economic plans
finance,Legislature/Special Legislation,Finance law,Special legislative process for finance legislation on borrowing money
orglaw,Legislature/Special Legislation,Organic law,Special legislative process for organic laws that create fundamental aspects of the constitutional order
spend,Legislature/Special Legislation,Spending law,Special legislative process for spending legislation on expenditures
tax,Legislature/Special Legislation,Tax law,Special legislative process for tax legislation on collecting revenue in the form of taxes or tariffs
commit,Legislature/Structure of the Legislature,Legislative committees,"Defines existence, formation, or procedures of legislative committees"
stdcom,Legislature/Structure of the Legislature,Standing committees,Establishes permanent committees with oversight in given policy areas
housenum,Legislature/Structure of the Legislature,Legislature structure,Establishes the structure of the legislature as a unicameral body with one chamber or a bicameral body with two chambers
civil,Principles and Symbols/Basic Principles,Civil service recruitment,"Requires that civil servants are recruited and promoted on the basis of merit through standardized exams or credentials; protects against patronage, nepotism, and corruption"
colony,Principles and Symbols/Basic Principles,Colonies,"Defines the status of occupied territories including colonies, protectorates, or territories"
prevlead,Principles and Symbols/Basic Principles,Crimes of the previous regime,Provides transitional justice that punishes or pardons crimes committed by the previous regime
motive,Principles and Symbols/Basic Principles,Motives for writing constitution,Frames the constitution in a particular context and history
oath,Principles and Symbols/Basic Principles,Constitutional oath,Requires certain public officials to take an oath to support the constitution
resrce,Principles and Symbols/Basic Principles,Natural resources ownership,"Describes ownership, possession, and use of natural resources, including energy, minerals, water, forests, flora, fauna, air, land, or other natural resources; includes nationalization, privatization, and use of natural resources as a public good or consumer good "
figures,Principles and Symbols/Basic Principles,Political theorists and figures,"Reference to teachings of historical figures, theorists, or philosophers"
artists,Principles and Symbols/Basic Principles,Art,Reference to art or artists
prevcond,Principles and Symbols/Basic Principles,History,Reference to particular triumphs or tragedies in history
solid,Principles and Symbols/Basic Principles,Fraternity and solidarity,Reference to fraternity or solidarity
science,Principles and Symbols/Basic Principles,Science,"Reference to science, scientific research, or innovation"
region,Principles and Symbols/Basic Principles,Regional groups,"Reference to a broader regional group, geographic region, or multilateral organization"
auth,Principles and Symbols/Basic Principles,Source of constitutional authority,Establishes the agent with the authority to install the constitution or from which the state derives its ultimate authority
system,Principles and Symbols/Basic Principles,Government system,Establishes the structure and system of government
anthem,Principles and Symbols/State Definition and Symbols,Anthem,Establishes the anthem
capital,Principles and Symbols/State Definition and Symbols,Capital,Establishes the capital city
flag,Principles and Symbols/State Definition and Symbols,Flag,Describes the flag
motto,Principles and Symbols/State Definition and Symbols,Motto,Establishes the motto
bank,Regulation and Oversight/Independent Agencies and Commissions,Bank,"Establishes a bank that formulates monetary policy, issues currency, regulates commercial banks, and provides financial and banking services"
cc,Regulation and Oversight/Independent Agencies and Commissions,Counter corruption commission,Establishes an independent commission to investigate corruption
hr,Regulation and Oversight/Independent Agencies and Commissions; Rights and Duties/Enforcement,Human rights commission,Establishes an independent commission to investigate potential violations of human rights
medcom,Regulation and Oversight/Independent Agencies and Commissions; Regulation and Oversight/Media and Communications,Media commission,Establishes an independent commission to regulate mass media
ombuds,Regulation and Oversight/Independent Agencies and Commissions; Rights and Duties/Enforcement,Ombudsman,Establishes an independent body to investigate improper or illegal actions that infringe on individual rights
truthcom,Regulation and Oversight/Independent Agencies and Commissions,Truth and reconciliation commission,Establishes an independent commission to hear testimony about human rights violations and other crimes committed by the previous regime
radio,Regulation and Oversight/Media and Communications,Radio,Reference to the wireless transmission of audio programs
govmed,Regulation and Oversight/Media and Communications,State media,"Requires, allows, or bans state operation of media"
telecom,Regulation and Oversight/Media and Communications,Telecommunications,"Reference to wired or wireless communication, including telephones, satellites, the internet, and other communication technologies"
tv,Regulation and Oversight/Media and Communications,Television,Reference to the wireless transmission of audio-visual programs
taxes,Rights and Duties/Citizen Duties,Taxes requirement,Requires individuals to pay taxes
work,Rights and Duties/Citizen Duties,Work requirement,Requires individuals to work
assem,Rights and Duties/Civil and Political Rights,Freedom of assembly,Allows individuals to gather in groups or protest
assoc,Rights and Duties/Civil and Political Rights,Freedom of association,Allows individuals to form or join a group or association
express,Rights and Duties/Civil and Political Rights,Freedom of expression,Allows individuals to express their thoughts and feelings without prior censorship or interference
freemove,Rights and Duties/Civil and Political Rights,Freedom of movement,Allows individuals to travel and reside anywhere
opinion,Rights and Duties/Civil and Political Rights,"Freedom of opinion, thought, and conscience",Allows individuals to believe or think anything they find compelling
press,Rights and Duties/Civil and Political Rights,Freedom of press,"Allows individuals, journalists, and publishers free expression through all forms of media"
dignity,Rights and Duties/Civil and Political Rights,Human dignity,Reference to human dignity as a fundamental value
civmar,Rights and Duties/Civil and Political Rights,Civil marriage,Recognizes marriage performed by administrative official
petition,Rights and Duties/Civil and Political Rights,Petition,Allows individuals to bring petitions and complaints
acfree,Rights and Duties/Civil and Political Rights,Academic freedom,Allows scholars to research and teach without interference
arms,Rights and Duties/Civil and Political Rights,Bear arms,Allows individuals to possess firearms and other weapons
nomil,Rights and Duties/Civil and Political Rights,Conscientious objection,Grants an exemption from military service to individuals who object to war on the basis of moral principles
devlpers,Rights and Duties/Civil and Political Rights,Personality development,Allows individuals to develop and express their own unique personality
fndfam,Rights and Duties/Civil and Political Rights,Found a family,Allows individuals to commit to one another and raise children together
infoacc,Rights and Duties/Civil and Political Rights,Information,"Allows individuals to access information collected or held by the government, particularly information about oneself or of general public interest"
marriage,Rights and Duties/Civil and Political Rights,Marriage,"Allows individuals to enter into a legally recognized, long-term commitment to one another"
overthrw,Rights and Duties/Civil and Political Rights,Overthrow,"Allows individuals to revolt, start a revolution, or overthrow the government"
privacy,Rights and Duties/Civil and Political Rights,Privacy,"Protects individuals from intrusion into their property, papers, person, or communications without proper authorization"
libel,Rights and Duties/Civil and Political Rights,Reputation,Allows individuals to defend themselves against libel or slander
childpro,Rights and Duties/Civil and Political Rights,Children,Affords children special benefits or protections
debtors,Rights and Duties/Civil and Political Rights,Debtors,Protects individuals who are unable to repay loans or other contracts
exprop,Rights and Duties/Economic Rights,Expropriation,Protects individuals from confiscation of property without proper compensation
intprop,Rights and Duties/Economic Rights,Intellectual property,"Allows individuals to protect and profit from their creative works, including copyrights, patents, and trademarks"
occupate,Rights and Duties/Economic Rights,Occupation,Allows individuals to choose their occupation and their place of employment without interference
freecomp,Rights and Duties/Economic Rights,Competitive marketplace,"Protects individuals from monopolies, price fixing, and other means of reducing competition in the marketplace"
busines,Rights and Duties/Economic Rights,Business,Allows individuals to establish for-profit commercial endeavors
proprght,Rights and Duties/Economic Rights,Own property,Allows individuals to own real property and other objects
transfer,Rights and Duties/Economic Rights,Transfer property,"Allows individuals to dispose of property through sale, gift, wills, inheritance, or other means"
inalrght,Rights and Duties/Enforcement,Inalienable,"Grants rights that are understood to be inalienable, unassailable, inviolable, or absolute"
equalgr9,"Rights and Duties/Equality, Gender, and Minority Rights",Equality for persons with disabilities,"Equality regardless of a person's disability or a physical or mental condition that limits the person's movements, senses, or activities; protection from discrimination based on disability"
equalgr8,"Rights and Duties/Equality, Gender, and Minority Rights",Equality regardless of age,"Equality regardless of a person's age, the length of time the person has lived, or status as a child, juvenile, minor, senior, or elder; protection from age discrimination"
equalgr13,"Rights and Duties/Equality, Gender, and Minority Rights",Equality regardless of financial status,"Equality regardless of a person's financial status, assets, economic resources, or property ownership; protection from discrimination based on financial status"
equalgr1,"Rights and Duties/Equality, Gender, and Minority Rights",Equality regardless of gender,"Equality regardless of a person's gender, sex, or status as a woman, man, transgender woman, or transgender man; women's rights promoting equality of women with men; protection from sexism or discrimination based on gender"
equalgr16,"Rights and Duties/Equality, Gender, and Minority Rights",Equality regardless of parentage,"Equality regardless of a person's parentage, bloodline, lineage, family, paternity, heredity, or birth; protection from discrimination based on parentage "
equalgr7,"Rights and Duties/Equality, Gender, and Minority Rights",Equality regardless of sexual orientation,"Equality regardless of a person's sexual orientation or status as gay, lesbian, bisexual, queer, or straight; protection from discrimination based on sexual orientation"
equalgr10,"Rights and Duties/Equality, Gender, and Minority Rights",Equality regardless of skin color,Equality regardless of a person's physical characteristic of skin color
equalgr12,"Rights and Duties/Equality, Gender, and Minority Rights",Equality regardless of social status,"Equality regardless of social status, social position, or social stature; protection from discrimination based on social status"
equal,"Rights and Duties/Equality, Gender, and Minority Rights",Equality before the law,Guarantees that all individuals are entitled to the same privileges and immunities
socclas,"Rights and Duties/Equality, Gender, and Minority Rights",Social class,Refers to social class
asylum,"Rights and Duties/Equality, Gender, and Minority Rights",Stateless persons,"Requires protection for stateless persons, asylum seekers, or refugees"
matequal,"Rights and Duties/Equality, Gender, and Minority Rights",Matrimonial equality,Grants spouses the same rights in marriage and family law
rightres,"Rights and Duties/Equality, Gender, and Minority Rights",Rights restrictions,Allows restrictions on the rights of some individuals or groups
cultrght,"Rights and Duties/Equality, Gender, and Minority Rights",Culture,Allows individuals to practice their culture
selfdet,"Rights and Duties/Equality, Gender, and Minority Rights",Self determination,Allows people to determine their own governance
binding,Rights and Duties/General Duties,Binding effect of rights,Establishes whether or not private individuals are bound by rights
abide,Rights and Duties/General Duties,Constitutional adherence,"Requires public officials or individuals to obey, or abide by, the constitution"
excrim,Rights and Duties/Legal Procedural Rights,Extradition,Requires or prohibits the extradition of suspected or convicted criminals to other countries
dueproc,Rights and Duties/Legal Procedural Rights,Due process,Requires defendants in criminal trials to have their cases heard according to the process established by law
jury,Rights and Duties/Legal Procedural Rights,Jury,Requires a jury or body of people legally selected and sworn to adjudicate guilt in criminal trials
presinoc,Rights and Duties/Legal Procedural Rights,Presumption of innocence,"Requires that those adjudicating a criminal trial presume the accused is """"innocent until proven guilty,"""" placing the burden of proof on the side of the prosecution in the trial"
wolaw,Rights and Duties/Legal Procedural Rights,No punishment without law,"Prohibits arrest, detention, prosecution, or punishment for actions that are not defined in law as crimes; prohibits sentences that are greater than those defined in law"
prisonrg,Rights and Duties/Legal Procedural Rights,Prison registry,Requires a registry of the names of people imprisoned
juvenile,Rights and Duties/Legal Procedural Rights,Juvenile privileges in criminal process,"Grants juveniles charged with crimes special protections in the criminal justice process, including special courts, different sentencing rules, or special detention centers"
doubjep,Rights and Duties/Legal Procedural Rights,Double jeopardy,Prohibits charging an individual with an offense for which they have already been acquitted
expost,Rights and Duties/Legal Procedural Rights,Ex post facto laws,"Prohibits arrest, detention, prosecution, or punishment for acts that were not criminal at the time they were committed; prohibits imposition of penalties that were enacted after an act was committed"
falseimp,Rights and Duties/Legal Procedural Rights,False imprisonment,"Provides redress for individuals who have been confined or arrested without just cause, or have otherwise suffered from judicial error"
miranda,Rights and Duties/Legal Procedural Rights,Self-incrimination,Allows an individual to refuse to answer questions during an interrogation or in court if the questions would tend to confirm the individual's guilt
habcorp,Rights and Duties/Legal Procedural Rights,Unjustified restraint,"Protects individuals from unjustified restraint, arbitrary detention, and improper arrest; specifies habeas corpus requirement to bring the accused before a judge or court to consider the person's release unless lawful grounds are shown for the detention"
vicright,Rights and Duties/Legal Procedural Rights,Victims,Addresses needs of crime victims in the justice process
evidence,Rights and Duties/Legal Procedural Rights,Evidence collection,"Regulates collection of evidence, searches and seizures, or involuntary confessions"
appeal,Rights and Duties/Legal Procedural Rights,Appeal,Allows individuals to appeal a judicial decision in a higher court if they are not satisfied with the outcome in the court of first instance
couns,Rights and Duties/Legal Procedural Rights,Counsel,Allows arrested individuals to have legal counsel
examwit,Rights and Duties/Legal Procedural Rights,Evidence examination,Allows accused offenders and their legal counsel to cross-examine evidence or witnesses brought against them
fairtri,Rights and Duties/Legal Procedural Rights,Fair trial,"Provides for a fair, impartial trial; protects individuals from unfair trial procedures"
prerel,Rights and Duties/Legal Procedural Rights,Pre-trial defense,Requires arrested individuals to be released from custody until the time of their trial
pubtri,Rights and Duties/Legal Procedural Rights,Public trial,Requires individuals charged with an offense to have their trial held in public
speedtri,Rights and Duties/Legal Procedural Rights,Speedy trial,Requires individuals charged with an offense to be brought to trial without undue delay and within a reasonable time following the arrest
cappun,Rights and Duties/Physical Integrity Rights,Death penalty,Forbids use of the death penalty as a punishment
corppun,Rights and Duties/Physical Integrity Rights,Corporal punishment,Forbids inflicting physical harm as a punishment
cruelty,Rights and Duties/Physical Integrity Rights,Cruel treatment,Forbids inhumane treatment or treating individuals in any way that offends human dignity
slave,Rights and Duties/Physical Integrity Rights,Slavery,"Forbids the practice of forced labor, servitude, and owning or otherwise exploiting human beings"
torture,Rights and Duties/Physical Integrity Rights,Torture,Forbids the use of torture or coerced confessions
life,Rights and Duties/Physical Integrity Rights,Life,Guarantees a right to life
achighed,Rights and Duties/Social Rights,Higher education,Guarantees individuals equal access to higher education
edcomp,Rights and Duties/Social Rights,Compulsory education,Requires children to attend school
edfree,Rights and Duties/Social Rights,Free education,Requires the provision of education free of charge
childwrk,Rights and Duties/Social Rights,Child employment,Prohibits or limits child labor to protect children from exploitation
conright,Rights and Duties/Social Rights,Consumers,Protects consumers from harmful products and/or predatory or unethical business practices
env,Rights and Duties/Social Rights,Environment,Requires protection or preservation of the environment
scifree,Rights and Duties/Social Rights,Scientific benefits,Allows individuals to enjoy the benefits of scientific progress
remuner,Rights and Duties/Social Rights,Equal pay for equal work,"Requires just remuneration, a fair salary, minimum wage, living wge, or equal payment for work; prohibits paying employees low wages or different rates for the same work"
health,Rights and Duties/Social Rights,Health care,Provides health care to individuals
jointrde,Rights and Duties/Social Rights,Trade union,Allows individuals to form and join trade unions or professional organizations
standliv,Rights and Duties/Social Rights,Standard of living,"Allows individuals to have a reasonable standard of living, including basic needs, decent living conditions, an adequate well-being, suitable existence, quality of life, dignified life, or life worthy of a human being"
leisure,Rights and Duties/Social Rights,Leisure,"Allows individuals to have leisure, including vacations, weekly holidays, or leaves with pay"
safework,Rights and Duties/Social Rights,Safe work,Allows individuals to have safe working conditions free of preventable hazards
shelter,Rights and Duties/Social Rights,Shelter,Allows individuals to have adequate shelter or housing
strike,Rights and Duties/Social Rights,Strike,Allows individuals to cease work for a period of time to exert pressure on their employer
provwork,Rights and Duties/Social Rights,Employment,Requires provision of work to individuals
finsup4,Rights and Duties/Social Rights,Support for children,Requires provision of financial or material support to children
finsup3,Rights and Duties/Social Rights,Support for the disabled,Requires provision of financial or material support to persons with disabilities
finsup1,Rights and Duties/Social Rights,Support for the elderly,Requires provision of financial or material support to elderly persons
finsup2,Rights and Duties/Social Rights,Support for the unemployed,Requires provision of financial or material support to unemployed persons
preamble,Special Sections,Preamble,Introductory language before the main text begins
tranprov,Special Sections,Transition,Temporary text that guides the transition from the previous system to the new system
democ,Principles and Symbols/Basic Principles,Democracy,Governance controlled by the people
rulelaw,Rights and Duties/Legal Procedural Rights,Rule of law,"Requires state actions based on the rule of law, legality, rechtsstasst, or justice; restricts the arbitrary exercise of power by requiring adherence to clear, established laws "
votemin,Elections/Suffrage and Turnout,Voting age,Minimum age limit for voting
socsec,Rights and Duties/Social Rights,Social security,Guarantees the social security of the society
